pixels,widths,hights
10974,93,118
7426,79,94
10800,90,120
11160,93,120
7426,79,94
11070,90,123
35685,183,195
11280,94,120
7600,80,95
12032,94,128
8112,78,104
10764,92,117
7680,80,96
11904,93,128
7220,76,95
10260,90,114
7505,79,95
11592,92,126
26026,154,169
10260,90,114
6512,74,88
23616,144,164
10465,91,115
5148,66,78
22032,136,162
10374,91,114
4464,62,72
10947,89,123
16330,115,142
10170,90,113
4200,60,70
10614,87,122
12740,98,130
9879,89,111
4736,64,74
10527,87,121
12255,95,129
8184,88,93
10010,91,110
10912,88,124
11648,91,128
10528,94,112
10701,87,123
10875,87,125
10640,95,112
8316,77,108
11136,87,128
10752,96,112
9153,81,113
13020,93,140
10656,96,111
7373,73,101
14304,96,149
10152,94,108
14841,97,153
9870,94,105
14630,95,154
9672,93,104
6776,77,88
14725,95,155
10584,98,108
7614,81,94
14664,94,156
8544,89,96
8051,83,97
17646,102,173
8277,89,93
7826,86,91
8858,86,103
18795,105,179
7917,87,91
18720,104,180
7743,87,89
17776,101,176
7832,88,89
17978,101,178
7832,88,89
7680,80,96
21780,110,198
8190,90,91
7347,79,93
22422,111,202
8372,92,91
7426,79,94
18768,102,184
8742,94,93
14560,91,160
9120,96,95
16856,98,172
9408,98,96
16929,99,171
8366,89,94
9603,99,97
13083,89,147
10816,104,104
12768,112,114
12430,110,113
11445,105,109
10710,102,105
10605,101,105
10807,101,107
6278,73,86
10600,100,106
5293,67,79
13786,113,122
4950,66,75
8366,89,94
15480,120,129
4608,64,72
16226,122,133
5168,68,76
16875,125,135
5538,71,78
16616,124,134
5616,72,78
16616,124,134
5538,71,78
16884,126,134
5616,72,78
8019,99,81
5320,70,76
8200,100,82
5320,70,76
7938,98,81
5320,70,76
5320,70,76
8277,89,93
8217,99,83
8961,103,87
18281,101,181
17145,127,135
8670,102,85
18382,101,182
8874,102,87
18382,101,182
8787,101,87
18382,101,182
8245,97,85
18000,100,180
17018,127,134
8330,98,85
18281,101,181
17544,129,136
7533,93,81
18382,101,182
7802,94,83
18382,101,182
7980,95,84
18382,101,182
8096,88,92
7802,94,83
18564,102,182
8064,96,84
18382,101,182
7885,95,83
18382,101,182
7885,95,83
18483,101,183
7980,95,84
18382,101,182
7896,94,84
18382,101,182
11865,105,113
8075,95,85
18382,101,182
12402,106,117
8075,95,85
18281,101,181
11960,104,115
7896,94,84
18000,100,180
11730,102,115
7802,94,83
17800,100,178
8455,89,95
11752,104,113
7719,93,83
17721,99,179
12980,110,118
7802,94,83
17900,100,179
12870,110,117
7719,93,83
18079,101,179
12980,110,118
7544,92,82
17700,100,177
13328,112,119
7544,92,82
13440,112,120
7636,92,83
13328,112,119
7636,92,83
13328,112,119
7719,93,83
13209,111,119
7812,93,84
13209,111,119
7544,92,82
14688,108,136
8640,90,96
12980,110,118
7636,92,83
18240,120,152
13090,110,119
7636,92,83
22610,133,170
12980,110,118
7896,94,84
24603,139,177
13320,111,120
7802,94,83
21120,128,165
13200,110,120
7626,93,82
21840,130,168
13080,109,120
22968,132,174
12733,107,119
23232,132,176
12614,106,119
25024,136,184
12614,106,119
18762,118,159
12495,105,119
16539,111,149
8730,90,97
12720,106,120
17980,116,155
12495,105,119
12672,99,128
12257,103,119
13802,103,134
12257,103,119
15012,108,139
12036,102,118
14416,106,136
12036,102,118
5670,81,70
13433,101,133
11817,101,117
4928,77,64
10324,89,116
11817,101,117
4575,75,61
12544,98,128
11817,101,117
9744,87,112
11918,101,118
14144,104,136
8544,89,96
6461,71,91
12360,103,120
12240,102,120
14734,106,139
12120,101,120
14840,106,140
11800,100,118
8300,100,83
13872,102,136
12019,101,119
8772,102,86
12610,97,130
12000,100,120
8585,101,85
10710,90,119
12000,100,120
8700,100,87
9831,87,113
12221,101,121
8700,100,87
9856,88,112
12322,101,122
7790,95,82
11328,96,118
11880,99,120
6930,90,77
13910,107,130
8544,89,96
11349,97,117
5740,82,70
16356,116,141
11564,98,118
5226,78,67
17666,121,146
11564,98,118
4851,77,63
20540,130,158
11328,96,118
5056,79,64
21842,134,163
10830,95,114
20930,130,161
10622,94,113
19656,126,156
10528,94,112
19656,126,156
4680,65,72
10830,95,114
24640,140,176
4615,65,71
9919,91,109
5248,82,64
23936,136,176
4752,66,72
5166,82,63
22100,130,170
4891,67,73
8633,89,97
6210,90,69
22925,131,175
6468,77,84
5963,89,67
24522,134,183
6545,77,85
6324,93,68
22833,129,177
6298,94,67
6693,97,69
7272,101,72
14317,103,139
7950,106,75
8239,107,77
14784,112,132
9266,113,82
15162,114,133
9890,115,86
8536,88,97
15410,115,134
10092,116,87
15544,116,134
9744,112,87
15428,116,133
9968,112,89
15428,116,133
10374,114,91
15180,115,132
10622,113,94
15196,116,131
10752,112,96
15694,118,133
10767,111,97
15812,118,134
10780,110,98
15812,118,134
10682,109,98
15678,117,134
10070,106,95
8170,86,95
15694,118,133
10080,105,96
15694,118,133
10486,107,98
15694,118,133
10692,108,99
15694,118,133
16080,120,134
16470,122,135
16482,123,134
17272,127,136
16625,125,133
9393,101,93
16368,124,132
9207,99,93
8084,86,94
16368,124,132
9016,98,92
16236,123,132
9016,98,92
16758,126,133
7565,89,85
17280,128,135
8928,96,93
16758,126,133
9310,98,95
16758,126,133
9310,98,95
16758,126,133
9310,98,95
16244,124,131
9310,98,95
16113,123,131
9215,97,95
16113,123,131
9120,96,95
8084,86,94
15609,121,129
8742,94,93
15609,121,129
8372,92,91
16236,123,132
16368,124,132
16492,124,133
16236,123,132
15851,121,131
15470,119,130
12296,106,116
11000,100,110
7990,85,94
10791,99,109
10890,99,110
11211,101,111
11100,100,111
11000,100,110
10989,99,111
11300,100,113
17061,121,141
11088,99,112
17324,122,142
6840,72,95
11187,99,113
18125,125,145
6674,71,94
21353,131,163
11400,100,114
18250,125,146
6510,70,93
24957,141,177
7896,84,94
11615,101,115
6603,71,93
23427,137,171
11615,101,115
6279,69,91
23701,137,173
11615,101,115
25060,140,179
11400,100,114
28371,147,193
11615,101,115
26838,142,189
11934,102,117
25296,136,186
12600,105,120
25515,135,189
12915,105,123
25728,134,192
23989,149,161
9540,90,106
12688,104,122
9212,98,94
24510,129,190
23680,148,160
9450,90,105
12584,104,121
9300,100,93
21901,121,181
23226,147,158
17010,105,162
7896,84,94
12240,102,120
9785,103,95
21122,118,179
22022,143,154
16116,102,158
12240,102,120
9408,98,96
20996,116,181
21584,142,152
14400,96,150
12240,102,120
11232,104,108
18810,110,171
20860,140,149
15444,99,156
3034,37,82
11800,100,118
14145,115,123
15642,99,158
22475,145,155
3116,38,82
11583,99,117
17250,125,138
13708,92,149
22176,144,154
8772,86,102
3116,38,82
11800,100,118
14464,113,128
12789,87,147
21736,143,152
8944,86,104
3237,39,83
12000,100,120
13054,107,122
12728,86,148
22484,146,154
9030,86,105
3280,40,82
11682,99,118
13392,108,124
13311,87,153
22484,146,154
8925,85,105
3280,40,82
11682,99,118
13392,108,124
13904,88,158
22785,147,155
9010,85,106
3362,41,82
11252,97,116
13284,108,123
13588,86,158
24168,152,159
8652,84,103
3321,41,81
7896,84,94
6790,70,97
10848,96,113
13500,108,125
13746,87,158
21600,144,150
8364,82,102
3402,42,81
10735,95,113
13038,106,123
13746,87,158
24009,151,159
8181,81,101
3526,43,82
10120,92,110
17712,123,144
16435,95,173
25110,155,162
8364,82,102
3526,43,82
9810,90,109
17875,125,143
18117,99,183
25740,156,165
8446,82,103
3564,44,81
9416,88,107
20520,135,152
17640,98,180
25740,156,165
8446,82,103
3608,44,82
8925,85,105
26316,153,172
15996,93,172
25740,156,165
8364,82,102
3564,44,81
8364,82,102
18200,100,182
25896,156,166
8364,82,102
3690,45,82
18270,126,145
25740,156,165
8820,84,105
3645,45,81
18352,124,148
25896,156,166
10465,91,115
3726,46,81
13940,85,164
33615,135,249
26386,158,167
9856,88,112
3772,46,82
13855,85,163
7896,84,94
6570,73,90
20066,127,158
26553,159,167
11685,95,123
3645,45,81
6586,74,89
22836,132,173
26720,160,167
3726,46,81
9798,71,138
7084,77,92
23760,132,180
27054,162,167
8505,81,105
3772,46,82
9864,72,137
7584,79,96
24605,133,185
27054,162,167
7878,78,101
3854,47,82
10725,75,143
7900,79,100
24497,131,187
27054,162,167
8343,81,103
3854,47,82
12080,80,151
7979,79,101
22940,124,185
26404,161,164
8424,81,104
3854,47,82
12710,82,155
7600,76,100
19264,112,172
26404,161,164
10738,91,118
3854,47,82
13932,86,162
7524,76,99
18094,109,166
26404,161,164
3901,47,83
13020,84,155
7425,75,99
17115,105,163
26082,161,162
3984,48,83
12948,83,156
6510,70,93
14938,97,154
12432,84,148
7636,83,92
7350,75,98
16072,98,164
14260,92,155
7326,74,99
15908,97,164
19560,120,163
3901,47,83
15936,96,166
17864,116,154
4018,49,82
15960,95,168
18960,120,158
3854,47,82
7575,75,101
15438,93,166
17402,113,154
3818,46,83
7474,74,101
15865,95,167
16837,113,149
3772,46,82
7622,74,103
16587,97,171
17784,117,152
3564,44,81
7100,71,100
16856,98,172
18088,119,152
16758,98,171
19220,124,155
10507,79,133
18029,121,149
7636,83,92
8232,84,98
14758,94,157
18327,123,149
6072,66,92
15360,96,160
18774,126,149
6693,69,97
10692,81,132
14740,110,134
7000,70,100
8136,72,113
15180,110,138
7313,71,103
6600,66,100
15707,113,139
6045,65,93
15368,113,136
4332,57,76
16779,119,141
24167,143,169
26700,150,178
26075,149,175
7544,82,92
7968,83,96
26892,162,166
27874,154,181
26400,160,165
22218,138,161
26070,158,165
20615,133,155
25740,156,165
18963,129,147
25575,155,165
17907,127,141
24776,152,163
19140,132,145
24462,151,162
18060,129,140
24300,150,162
18340,131,140
10700,100,107
24764,151,164
18886,133,142
2698,38,71
22464,144,156
19728,137,144
3157,41,77
7544,82,92
7614,81,94
22176,144,154
21158,142,149
3526,43,82
7884,73,108
22922,146,157
22765,145,157
3784,44,86
7560,70,108
23373,147,159
24255,147,165
3828,44,87
7236,67,108
22765,145,157
3828,44,87
7169,67,107
23373,147,159
3784,44,86
6720,64,105
23373,147,159
25137,147,171
3740,44,85
6890,65,106
23828,148,161
23520,140,168
3696,44,84
6552,63,104
24138,149,162
3696,44,84
6720,64,105
22464,144,156
23153,137,169
3696,44,84
6448,62,104
22464,144,156
22378,134,167
10920,104,105
7544,82,92
7520,80,94
6283,61,103
22022,143,154
20160,126,160
11664,108,108
6386,62,103
23214,146,159
20790,126,165
3956,46,86
12769,113,113
6656,64,104
23373,147,159
20336,124,164
3956,46,86
12995,113,115
6968,67,104
22910,145,158
19440,120,162
3910,46,85
7072,68,104
22608,144,157
18328,116,158
3910,46,85
7176,69,104
22608,144,157
18285,115,159
3864,46,84
7210,70,103
22464,144,156
17472,112,156
3864,46,84
7313,71,103
22464,144,156
17670,114,155
7416,72,103
22022,143,154
18369,117,157
21726,142,153
19080,120,159
7371,81,91
7695,81,95
21432,141,152
19276,122,158
22022,143,154
19311,123,157
22922,146,157
19939,127,157
23384,148,158
19812,127,156
19152,126,152
18476,124,149
7950,75,106
18352,124,148
7980,76,105
18375,125,147
8162,77,106
18250,125,146
8085,77,105
17446,122,143
11016,81,136
7290,81,90
7268,79,92
8268,78,106
17732,124,143
11760,84,140
8190,78,105
19388,131,148
13923,91,153
8346,78,107
20808,136,153
15520,97,160
21700,140,155
22451,143,157
24624,152,162
22922,146,157
24160,151,160
23079,147,157
24633,153,161
23542,149,158
24633,153,161
24009,151,159
25110,155,162
25110,155,162
7120,80,89
7176,78,92
25428,156,163
25591,157,163
25584,156,164
26235,159,165
25896,156,166
26070,158,165
26219,157,167
25912,158,164
26702,158,169
25272,156,162
27348,159,172
21016,142,148
27161,157,173
19035,135,141
27161,157,173
18626,134,139
27144,156,174
18765,135,139
27456,156,176
19180,137,140
7040,80,88
7254,78,93
6887,71,97
27612,156,177
22950,150,153
7110,90,79
7110,90,79
19278,153,126
14950,115,130
6952,79,88
7332,78,94
5950,70,85
18358,134,137
18221,133,137
17685,131,135
19182,138,139
18900,140,135
20440,146,140
18612,141,132
19019,143,133
18590,143,130
6873,79,87
6900,75,92
19551,147,133
19110,147,130
19781,151,131
20328,154,132
19737,153,129
21280,160,133
22005,163,135
22440,165,136
23153,169,137
23290,170,137
6952,79,88
6734,74,91
24012,174,138
17375,125,139
24640,176,140
18304,128,143
24640,176,140
18576,129,144
25098,178,141
18576,129,144
24603,177,139
18304,128,143
24780,177,140
18447,129,143
25740,180,143
18850,130,145
23838,174,137
18850,130,145
24150,175,138
18304,128,143
23701,173,137
17640,126,140
6952,79,88
6570,73,90
23392,172,136
17112,124,138
23355,173,135
17262,126,137
6952,79,88
6319,71,89
6952,79,88
6390,71,90
7120,80,89
6696,72,93
7120,80,89
6840,72,95
7209,81,89
6816,71,96
7040,80,88
6984,72,97
6461,71,91
7040,80,88
6486,69,94
7209,81,89
6417,69,93
7209,81,89
6417,69,93
7209,81,89
6417,69,93
7209,81,89
6417,69,93
7209,81,89
6486,69,94
12240,90,136
7371,81,91
6486,69,94
13020,93,140
7544,82,92
6486,69,94
12834,93,138
7719,83,93
6745,71,95
10625,85,125
7719,83,93
6696,72,93
23322,138,169
6552,72,91
7719,83,93
6789,73,93
21252,132,161
7626,82,93
6696,72,93
7802,83,94
6789,73,93
7626,82,93
6624,72,92
7614,81,94
6440,70,92
7614,81,94
6532,71,92
7614,81,94
6370,70,91
7614,81,94
6461,71,91
7440,80,93
6696,72,93
7372,97,76
7347,79,93
6768,72,94
7275,97,75
6570,73,90
7347,79,93
6840,72,95
7448,98,76
7347,79,93
6603,71,93
7623,99,77
7347,79,93
6532,71,92
7700,100,77
7254,78,93
6370,70,91
7800,100,78
7084,77,92
6279,69,91
7800,100,78
7161,77,93
6279,69,91
7722,99,78
7254,78,93
6279,69,91
7546,98,77
7254,78,93
6348,69,92
7722,99,78
7254,78,93
6510,70,93
7644,98,78
7176,78,92
6674,71,94
7644,98,78
6497,73,89
7254,78,93
6674,71,94
7161,77,93
6745,71,95
7084,77,92
6745,71,95
7161,77,93
6745,71,95
6992,76,92
6580,70,94
6992,76,92
6650,70,95
6992,76,92
6650,70,95
7161,77,93
6650,70,95
7161,77,93
6256,68,92
7161,77,93
6580,70,94
6643,73,91
7084,77,92
6650,70,95
6992,76,92
6992,76,92
6992,76,92
6750,75,90
6586,74,89
6497,73,89
6424,73,88
6497,73,89
6408,72,89
6762,69,98
6643,73,91
5808,66,88
6336,72,88
6188,68,91
6424,73,88
6120,68,90
12543,113,111
6424,73,88
6188,68,91
13110,115,114
6840,76,90
6188,68,91
6916,76,91
6030,67,90
13110,115,114
6030,67,90
6364,74,86
6480,72,90
4900,70,70
6290,74,85
6290,74,85
6460,76,85
6460,76,85
6536,76,86
6708,78,86
6708,78,86
6630,78,85
7209,81,89
7462,82,91
11508,84,137
5368,88,61
7462,82,91
11508,84,137
7462,82,91
7544,82,92
7544,82,92
7452,81,92
7626,82,93
7440,80,93
7533,81,93
7440,80,93
7176,78,92
7426,79,94
7347,79,93
11815,85,139
7254,78,93
12040,86,140
7238,77,94
7238,77,94
7161,77,93
6750,75,90
6992,76,92
7161,77,93
7161,77,93
7068,76,93
7238,77,94
7238,77,94
7144,76,94
7315,77,95
7068,76,93
7068,76,93
7161,77,93
7161,77,93
7161,77,93
7676,76,101
7161,77,93
7777,77,101
11544,111,104
7315,77,95
7676,76,101
7676,76,101
7854,77,102
7931,77,103
8112,78,104
8295,79,105
6935,73,95
8085,77,105
8085,77,105
24528,112,219
7068,76,93
8034,78,103
6512,74,88
7752,76,102
6351,73,87
7676,76,101
6205,73,85
7777,77,101
6450,75,86
7600,76,100
6699,77,87
6699,77,87
7544,82,92
6966,86,81
6942,78,89
7719,83,93
7110,79,90
6776,77,88
6525,75,87
6237,81,77
6365,67,95
6348,69,92
6324,68,93
6324,68,93
6256,68,92
7134,87,82
7548,74,102
6164,67,92
6164,67,92
7313,71,103
7038,69,102
7350,75,98
7826,91,86
8364,82,102
6862,73,94
6624,72,92
6900,75,92
7084,92,77
6035,71,85
8272,94,88
6720,70,96
6035,71,85
6734,74,91
6660,74,90
6570,73,90
6408,72,89
6480,72,90
6480,72,90
8099,89,91
8010,89,90
8280,92,90
8640,96,90
8099,89,91
25740,117,220
8099,89,91
25506,117,218
8277,89,93
6688,76,88
8460,90,94
9207,99,93
8370,90,93
6336,72,88
2684,44,61
25288,116,218
7448,76,98
25623,117,219
25404,116,219
25724,118,218
9792,102,96
5928,76,78
9306,94,99
6391,77,83
5920,80,74
7220,76,95
7296,76,96
10864,97,112
25606,118,217
19118,121,158
9120,95,96
9894,102,97
24840,115,216
26040,120,217
25172,116,217
5183,71,73
5112,71,72
6162,79,78
2720,40,68
5772,78,74
5767,79,73
6000,80,75
10197,103,99
6232,82,76
13485,93,145
13299,93,143
5688,79,72
5846,79,74
6075,81,75
6000,80,75
5772,78,74
5772,78,74
5621,77,73
10094,103,98
5616,78,72
24955,115,217
6318,81,78
7992,74,108
6992,92,76
5695,67,85
21620,115,188
5762,67,86
18725,107,175
19008,108,176
20832,112,186
6003,69,87
9996,102,98
21357,113,189
6461,71,91
18304,104,176
19688,107,184
18054,102,177
14787,93,159
13680,90,152
12814,86,149
13112,88,149
14820,95,156
16728,102,164
9996,102,98
17430,105,166
16300,100,163
15876,98,162
15105,95,159
18304,104,176
19398,106,183
18360,102,180
16490,97,170
7030,74,95
18849,103,183
7524,76,99
17700,100,177
14880,93,160
5150,50,103
4944,48,103
5865,69,85
6580,70,94
6580,70,94
6510,70,93
6580,70,94
4896,48,102
6674,71,94
4896,48,102
6816,71,96
6674,71,94
4896,48,102
6674,71,94
4896,48,102
6674,71,94
4896,48,102
6840,72,95
4896,48,102
6840,72,95
4896,48,102
6840,72,95
4848,48,101
6768,72,94
5096,49,104
6768,72,94
4896,48,102
6768,72,94
4896,48,102
6768,72,94
5096,49,104
6768,72,94
5096,49,104
6768,72,94
5200,50,104
6768,72,94
5096,49,104
6768,72,94
5096,49,104
4998,49,102
4998,49,102
5047,49,103
5047,49,103
6003,69,87
6072,69,88
6141,69,89
5934,69,86
5934,69,86
5984,68,88
5865,69,85
5796,69,84
5762,67,86
5848,68,86
5848,68,86
11557,91,127
5780,68,85
6862,73,94
5712,68,84
6882,74,93
5712,68,84
6862,73,94
5712,68,84
6862,73,94
5780,68,85
6840,72,95
5712,68,84
6497,73,89
5712,68,84
5561,67,83
6840,72,95
5561,67,83
11792,88,134
6745,71,95
5780,68,85
11792,88,134
24080,112,215
6650,70,95
5780,68,85
11484,87,132
24304,112,217
6650,70,95
6020,70,86
11266,86,131
24304,112,217
6580,70,94
6090,70,87
8288,74,112
24192,112,216
6650,70,95
6177,71,87
8066,74,109
23976,111,216
16102,97,166
6486,69,94
7238,77,94
8624,77,112
23976,111,216
6030,67,90
6106,71,86
9396,81,116
23976,111,216
6408,72,89
6580,70,94
6264,72,87
10080,84,120
23976,111,216
22572,114,198
6650,70,95
5796,69,84
10115,85,119
23865,111,215
22487,113,199
5896,67,88
5135,65,79
9184,82,112
23865,111,215
18564,102,182
4466,58,77
5427,67,81
8586,81,106
24192,112,216
17444,98,178
3763,53,71
7254,78,93
9180,85,108
24192,112,216
17738,98,181
7680,80,96
9968,89,112
24408,113,216
16450,94,175
8200,82,100
11328,96,118
24521,113,217
14774,89,166
8670,85,102
12200,100,122
24521,113,217
13674,86,159
8217,83,99
12524,101,124
24634,113,218
13114,83,158
8772,86,102
12852,102,126
24634,113,218
13188,84,157
9603,97,99
6480,72,90
8232,84,98
13208,104,127
24966,114,219
13588,86,158
9215,95,97
8134,83,98
13125,105,125
24634,113,218
13588,86,158
8134,83,98
12810,105,122
24634,113,218
13746,87,158
8134,83,98
12376,104,119
24634,113,218
13659,87,157
8051,83,97
12272,104,118
24521,113,217
13588,86,158
7020,78,90
12168,104,117
24634,113,218
13430,85,158
6364,74,86
11960,104,115
24416,112,218
15210,90,169
6351,73,87
11856,104,114
24634,113,218
17290,95,182
5810,70,83
11752,104,113
24416,112,218
17575,95,185
5214,66,79
11330,103,110
16833,93,181
6461,71,91
5005,65,77
11227,103,109
15224,88,173
5005,65,77
10918,103,106
19110,98,195
4875,65,75
11988,108,111
21321,103,207
6555,69,95
6764,76,89
11556,107,108
17391,93,187
6486,69,94
7020,78,90
11990,110,109
12956,82,158
6486,69,94
6930,77,90
13340,116,115
6392,68,94
6930,77,90
13340,116,115
6392,68,94
6930,77,90
12432,112,111
6392,68,94
7098,78,91
11990,110,109
6324,68,93
7007,77,91
11772,109,108
8835,95,93
6324,68,93
6853,77,89
11772,109,108
6231,67,93
6853,77,89
11772,108,109
6324,68,93
6776,77,88
11663,107,109
6164,67,92
6699,77,87
11988,108,111
6256,68,92
6699,77,87
12882,113,114
6256,68,92
6699,77,87
13225,115,115
6097,67,91
6622,77,86
12882,114,113
5655,65,87
6864,78,88
13225,115,115
5525,65,85
7280,80,91
14042,118,119
5022,62,81
7452,81,92
14632,118,124
8742,94,93
5022,62,81
7452,81,92
15104,118,128
4758,61,78
7719,83,93
15093,117,129
4898,62,79
7626,82,93
14950,115,130
5120,64,80
7626,82,93
14690,113,130
4758,61,78
7452,81,92
14448,112,129
5544,66,84
7452,81,92
14430,111,130
5695,67,85
7371,81,91
14190,110,129
4977,63,79
7371,81,91
13824,108,128
4774,62,77
7544,82,92
14080,110,128
4836,62,78
7452,81,92
14080,110,128
8835,95,93
7452,81,92
14190,110,129
7452,81,92
14190,110,129
7360,80,92
14190,110,129
7200,80,90
14430,111,130
7200,80,90
14560,112,130
7200,80,90
14560,112,130
7200,80,90
14820,114,130
7200,80,90
14820,114,130
7462,82,91
15065,115,131
7462,82,91
14820,114,130
8742,94,93
17303,121,143
7290,81,90
15312,116,132
7040,80,88
15444,117,132
7209,81,89
15827,119,133
7209,81,89
16080,120,134
7209,81,89
16200,120,135
7209,81,89
16200,120,135
7209,81,89
16200,120,135
7298,82,89
16065,119,135
7298,82,89
16065,119,135
7298,82,89
15930,118,135
8464,92,92
17182,121,142
7298,82,89
16065,119,135
7298,82,89
16065,119,135
7380,82,90
15812,118,134
7380,82,90
15812,118,134
17388,108,161
7298,82,89
15946,119,134
20650,118,175
7298,82,89
16065,119,135
23375,125,187
7298,82,89
15946,119,134
21600,120,180
7298,82,89
15946,119,134
20068,116,173
7470,83,90
15561,117,133
19895,115,173
7998,86,93
15312,116,132
8372,91,92
12915,105,123
21840,120,182
7040,80,88
15312,116,132
21240,118,180
6873,79,87
15576,118,132
20064,114,176
6630,78,85
15576,118,132
18421,109,169
6314,77,82
15708,119,132
16016,104,154
6391,77,83
15458,118,131
14443,101,143
6557,79,83
15458,118,131
14626,103,142
6636,79,84
15458,118,131
15080,104,145
6966,81,86
15458,118,131
15688,106,148
7280,91,80
7221,83,87
15720,120,131
12350,95,130
7280,91,80
7392,84,88
8281,91,91
12350,95,130
6942,89,78
7476,84,89
15851,121,131
11904,93,128
7560,84,90
15851,121,131
11500,92,125
7387,83,89
15982,122,131
11970,95,126
7387,83,89
12672,99,128
7560,84,90
13362,102,131
7380,82,90
13699,103,133
7298,82,89
15458,118,131
13464,102,132
6715,79,85
15327,117,131
12900,100,129
6164,67,92
6630,78,85
14934,114,131
13728,104,132
6072,66,92
6545,77,85
14916,113,132
8281,91,91
14231,107,133
6630,78,85
14652,111,132
15429,111,139
6630,78,85
14652,111,132
16272,113,144
14520,110,132
19557,123,159
13568,106,128
18960,120,158
12524,101,124
17980,116,155
12524,101,124
18328,116,158
13545,105,129
21750,125,174
13886,106,131
23296,128,182
6150,75,82
14148,108,131
20880,120,174
7371,81,91
14148,108,131
7921,89,89
18645,113,165
6786,78,87
14148,108,131
19097,113,169
6300,75,84
11252,97,116
17331,109,159
6068,74,82
10028,92,109
6460,76,85
12342,102,121
6536,76,86
13716,108,127
6786,78,87
14319,111,129
6048,84,72
7120,80,89
14803,113,131
5280,80,66
7200,80,90
15048,114,132
5265,81,65
6864,78,88
15428,116,133
6864,78,88
15180,115,132
8010,90,89
6942,78,89
15327,117,131
6942,78,89
15589,119,131
6942,78,89
15720,120,131
7020,78,90
15720,120,131
6942,78,89
15470,119,130
6688,76,88
15470,119,130
6688,76,88
15351,119,129
6612,76,87
15609,121,129
6612,76,87
14508,117,124
5478,83,66
6612,76,87
10710,102,105
6840,72,95
5780,85,68
6688,76,88
10201,101,101
5780,85,68
6688,76,88
9999,101,99
5780,85,68
6688,76,88
10296,104,99
5712,84,68
6853,77,89
11330,110,103
5695,85,67
6688,76,88
11752,113,104
6248,88,71
6688,76,88
12519,117,107
6734,91,74
15916,92,173
6612,76,87
11845,115,103
7760,97,80
16275,93,175
6853,77,89
15708,132,119
8217,99,83
19584,102,192
6776,77,88
17125,137,125
8134,98,83
18909,99,191
6776,77,88
17664,138,128
7008,73,96
7872,96,82
19300,100,193
6776,77,88
17931,139,129
7360,92,80
19404,99,196
6776,77,88
18200,140,130
7020,90,78
18720,96,195
6853,77,89
18070,139,130
6942,89,78
18525,95,195
6853,77,89
18078,138,131
6942,89,78
18135,93,195
6930,77,90
18480,140,132
6864,88,78
16269,87,187
7020,78,90
19296,144,134
6942,89,78
14940,83,180
11224,92,122
7007,77,91
19028,142,134
6942,89,78
14160,80,177
9890,86,115
7007,77,91
19430,145,134
6942,89,78
16878,87,194
8480,80,106
7030,74,95
7098,78,91
19140,145,132
6942,89,78
8400,80,105
7125,75,95
7098,78,91
19430,145,134
9492,84,113
6942,89,78
9435,85,111
7030,74,95
7176,78,92
19296,144,134
7020,90,78
6916,76,91
18070,139,130
7020,90,78
8856,82,108
6600,75,88
17685,135,131
6942,89,78
8748,81,108
6351,73,87
17160,132,130
6438,74,87
17030,130,131
6764,76,89
16637,127,131
6764,76,89
16758,126,133
5460,65,84
6840,76,90
16492,124,133
4898,62,79
7020,78,90
16093,121,133
6612,76,87
15946,119,134
4209,69,61
6450,75,86
15544,116,134
6612,76,87
15142,113,134
6853,89,77
6786,78,87
14874,111,134
6688,88,76
5040,63,80
6864,78,88
14472,108,134
6688,88,76
5695,67,85
6952,79,88
15481,113,137
6776,88,77
7546,77,98
7110,79,90
15985,115,139
6776,88,77
8505,81,105
10773,81,133
7371,81,91
16263,117,139
6776,88,77
6935,73,95
10640,80,133
24123,129,187
24510,114,215
7200,80,90
16146,117,138
6764,89,76
6003,69,87
10560,80,132
24123,129,187
24624,114,216
7200,80,90
16284,118,138
6764,89,76
5628,67,84
10854,81,134
25021,131,191
7200,80,90
16166,118,137
7220,76,95
6853,89,77
5561,67,83
11070,82,135
24570,130,189
7200,80,90
16440,120,137
11070,82,135
24448,128,191
7200,80,90
16320,120,136
10773,81,133
24066,126,191
7290,81,90
16320,120,136
10692,81,132
23875,125,191
7120,80,89
16065,119,135
10480,80,131
23180,122,190
7200,80,90
15812,118,134
10480,80,131
22680,120,189
6952,79,88
15812,118,134
10611,81,131
22420,118,190
7031,79,89
15946,119,134
11039,83,133
6708,78,86
11205,83,135
6873,79,87
11205,83,135
6873,79,87
6164,67,92
11205,83,135
16000,100,160
6873,79,87
11205,83,135
19332,108,179
6873,79,87
11205,83,135
20460,110,186
6873,79,87
11205,83,135
6794,79,86
11205,83,135
6880,80,86
11122,83,134
6880,80,86
16065,119,135
11122,83,134
21357,113,189
6880,80,86
16470,122,135
11122,83,134
22736,116,196
6715,79,85
16335,121,135
10906,82,133
23200,116,200
6715,79,85
16335,121,135
10824,82,132
24190,118,205
6715,79,85
16470,122,135
4080,68,60
11256,84,134
24219,117,207
6715,79,85
16470,122,135
11256,84,134
23690,115,206
6720,80,84
16470,122,135
11256,84,134
22440,110,204
6966,81,86
16470,122,135
11122,83,134
6885,81,85
16470,122,135
10906,82,133
6800,80,85
16470,122,135
10956,83,132
6800,80,85
11039,83,133
6794,79,86
11039,83,133
6873,79,87
11039,83,133
6873,79,87
11039,83,133
6873,79,87
5040,63,80
11039,83,133
22422,111,202
6952,79,88
11039,83,133
7280,80,91
10824,82,132
19673,103,191
7452,81,92
10824,82,132
17202,94,183
7533,81,93
10824,82,132
7440,80,93
10742,82,131
7440,80,93
11172,84,133
7254,78,93
11256,84,134
15664,89,176
7176,78,92
10956,83,132
15051,87,173
7084,77,92
11256,84,134
7084,77,92
7656,87,88
11256,84,134
7161,77,93
11205,83,135
6992,76,92
11122,83,134
6992,76,92
10906,82,133
6992,76,92
15694,118,133
10824,82,132
6825,75,91
15694,118,133
10824,82,132
6825,75,91
6825,75,91
15678,117,134
10906,82,133
6825,75,91
6825,75,91
6734,74,91
7482,86,87
6734,74,91
10906,82,133
6734,74,91
15795,117,135
11122,83,134
15045,85,177
6734,74,91
15930,118,135
10988,82,134
14691,83,177
6660,74,90
15036,84,179
6570,73,90
15023,83,181
6570,73,90
10988,82,134
14842,82,181
6734,74,91
10906,82,133
14742,81,182
6734,74,91
15930,118,135
11122,83,134
14742,81,182
6734,74,91
11205,83,135
14924,82,182
6734,74,91
7310,85,86
11205,83,135
15288,84,182
6480,72,90
11205,83,135
6408,72,89
11288,83,136
6408,72,89
11205,83,135
6408,72,89
11205,83,135
6408,72,89
10988,82,134
6408,72,89
10988,82,134
6408,72,89
10988,82,134
6248,71,88
10988,82,134
6336,72,88
15930,118,135
10988,82,134
15106,83,182
6336,72,88
7482,86,87
8190,90,91
8137,79,103
10988,82,134
15106,83,182
6336,72,88
11070,82,135
14842,82,181
6336,72,88
11070,82,135
14661,81,181
6408,72,89
11070,82,135
14580,81,180
6408,72,89
11152,82,136
14661,81,181
6497,73,89
11205,83,135
6408,72,89
11070,82,135
6408,72,89
11070,82,135
6408,72,89
11070,82,135
8832,64,138
6408,72,89
11152,82,136
6408,72,89
7482,86,87
8652,84,103
8008,88,91
10935,81,135
6408,72,89
8232,98,84
7125,75,95
6408,72,89
15660,116,135
10773,81,133
8148,97,84
7125,75,95
6408,72,89
15660,116,135
10854,81,134
8232,98,84
7200,75,96
6408,72,89
10854,81,134
8051,97,83
7050,75,94
6408,72,89
10773,81,133
7968,96,83
6956,74,94
6336,72,88
15678,117,134
10773,81,133
7968,96,83
6956,74,94
6336,72,88
15660,116,135
10773,81,133
7968,96,83
7125,75,95
6336,72,88
15930,118,135
10854,81,134
7546,77,98
6336,72,88
10773,81,133
7800,78,100
6424,73,88
7568,86,88
8568,84,102
7743,87,89
8988,84,107
11256,84,134
7979,79,101
6424,73,88
7979,79,101
6424,73,88
15660,116,135
7979,79,101
6177,71,87
15390,114,135
8058,79,102
6177,71,87
15142,113,134
8058,79,102
6336,72,88
15008,112,134
8058,79,102
6336,72,88
15008,112,134
8137,79,103
6336,72,88
14874,111,134
7956,78,102
6408,72,89
14740,110,134
7878,78,101
6408,72,89
14497,109,133
8034,78,103
6497,73,89
14740,110,134
7656,87,88
7744,88,88
8364,82,102
8034,78,103
6497,73,89
14606,109,134
7854,77,102
6424,73,88
14445,107,135
7777,77,101
14175,105,135
7676,76,101
13905,103,135
7676,76,101
13635,101,135
7326,74,99
13464,99,136
7252,74,98
6497,73,89
13095,97,135
7008,73,96
6264,72,87
13192,97,136
6510,70,93
6035,71,85
13015,95,137
6768,72,94
5964,71,84
13015,95,137
7656,87,88
7224,86,84
8118,82,99
7104,74,96
6035,71,85
12741,93,137
7350,75,98
5950,70,85
12834,93,138
7350,75,98
6120,72,85
12696,92,138
7350,75,98
6035,71,85
12558,91,138
7425,75,99
6035,71,85
12420,90,138
7425,75,99
5964,71,84
12193,89,137
7425,75,99
5893,71,83
12056,88,137
7425,75,99
6035,71,85
12056,88,137
7425,75,99
6120,72,85
11832,87,136
7350,75,98
11696,86,136
7656,87,88
7252,74,98
11696,86,136
7425,75,99
11475,85,135
7425,75,99
11560,85,136
7500,75,100
11340,84,135
7777,77,101
11438,86,133
7500,75,100
11926,89,134
7326,74,99
11926,89,134
7008,73,96
5760,64,90
11792,88,134
6840,72,95
5185,61,85
11792,88,134
6840,72,95
4920,60,82
11745,87,135
7482,86,87
7008,73,96
5146,62,83
11745,87,135
7252,74,98
11088,84,132
7008,73,96
5655,65,87
10790,83,130
7178,74,97
5590,65,86
11004,84,131
7104,74,96
5676,66,86
6992,76,92
11088,84,132
7104,74,96
5762,67,86
7068,76,93
10956,83,132
7350,75,98
5695,67,85
6660,74,90
11305,85,133
7350,75,98
5865,69,85
6336,72,88
11172,84,133
7448,76,98
5796,69,84
6264,72,87
11256,84,134
7178,74,97
5796,69,84
6177,71,87
11122,83,134
7482,86,87
7448,76,98
5880,70,84
6106,71,86
11122,83,134
7524,76,99
6120,72,85
6106,71,86
11122,83,134
7524,76,99
5670,70,81
6424,73,88
11122,83,134
7448,76,98
5600,70,80
6497,73,89
11039,83,133
7524,76,99
5832,72,81
6264,72,87
11039,83,133
7524,76,99
6068,74,82
6264,72,87
11039,83,133
7448,76,98
5920,74,80
6264,72,87
10956,83,132
7030,74,95
6075,75,81
6336,72,88
11039,83,133
7200,75,96
6156,76,81
6424,73,88
11039,83,133
7275,75,97
6396,78,82
6424,73,88
11122,83,134
7656,87,88
7275,75,97
6396,78,82
6512,74,88
11205,83,135
7275,75,97
6318,78,81
6512,74,88
11205,83,135
7275,75,97
6318,78,81
6424,73,88
11122,83,134
6696,72,93
6560,80,82
6336,72,88
11122,83,134
6390,71,90
6560,80,82
6512,74,88
11205,83,135
6319,71,89
6560,80,82
6512,74,88
11122,83,134
6160,70,88
6560,80,82
6512,74,88
11122,83,134
6160,70,88
6560,80,82
6512,74,88
11122,83,134
6090,70,87
6560,80,82
6512,74,88
11122,83,134
6177,71,87
6561,81,81
6586,74,89
11122,83,134
7832,88,89
6177,71,87
6724,82,82
6586,74,89
11039,83,133
7238,77,94
6675,75,89
9196,76,121
7584,79,96
6586,74,89
8850,75,118
7742,79,98
6586,74,89
8510,74,115
7742,79,98
6586,74,89
8064,72,112
7920,80,99
8554,91,94
6675,75,89
8816,76,116
7920,80,99
8455,89,95
6675,75,89
9009,77,117
7920,80,99
8360,88,95
6675,75,89
8664,76,114
7920,80,99
8352,87,96
6750,75,90
8140,74,110
7920,80,99
8160,85,96
6586,74,89
7811,73,107
7743,87,89
7742,79,98
8160,85,96
6586,74,89
8360,76,110
7742,79,98
7885,83,95
6586,74,89
8547,77,111
7742,79,98
7790,82,95
6750,75,90
8470,77,110
7840,80,98
7872,82,96
6750,75,90
9200,80,115
7840,80,98
7695,81,95
6586,74,89
7950,75,106
7920,80,99
7600,80,95
6512,74,88
7696,74,104
7920,80,99
7520,80,94
6512,74,88
7980,76,105
7920,80,99
7505,79,95
6586,74,89
8502,78,109
8100,81,100
7347,79,93
6586,74,89
10614,87,122
8100,81,100
7332,78,94
6586,74,89
11303,89,127
7832,88,89
6762,69,98
7920,80,99
6586,74,89
10200,85,120
7920,80,99
6586,74,89
9594,82,117
7920,80,99
6512,74,88
9594,82,117
7920,80,99
6424,73,88
9234,81,114
7840,80,98
6512,74,88
9794,83,118
7920,80,99
6586,74,89
11776,92,128
7920,80,99
6512,74,88
12672,96,132
7840,80,98
21079,107,197
6512,74,88
13132,98,134
7742,79,98
20670,106,195
6424,73,88
13400,100,134
7840,80,98
6512,74,88
13400,100,134
7832,88,89
7920,80,99
7332,78,94
6438,74,87
13332,101,132
8000,80,100
7332,78,94
6512,74,88
13668,102,134
8000,80,100
7410,78,95
6512,74,88
12250,98,125
8080,80,101
7488,78,96
6586,74,89
13860,105,132
7900,79,100
7392,77,96
6675,75,89
14472,108,134
7821,79,99
7392,77,96
6675,75,89
14580,108,135
7644,78,98
7488,78,96
6675,75,89
12978,103,126
7644,78,98
7488,78,96
6675,75,89
12221,101,121
7566,78,97
7392,77,96
6675,75,89
13803,107,129
7220,76,95
7392,77,96
19467,103,189
6586,74,89
14520,110,132
7920,88,90
7220,76,95
7220,76,95
19760,104,190
6586,74,89
14630,110,133
7144,76,94
7392,77,96
19760,104,190
6586,74,89
14763,111,133
6975,75,93
7392,77,96
19656,104,189
6660,74,90
14874,111,134
6975,75,93
7392,77,96
19845,105,189
6660,74,90
15008,112,134
6975,75,93
7392,77,96
19845,105,189
6750,75,90
15120,112,135
6975,75,93
7296,76,96
19845,105,189
6660,74,90
15008,112,134
7068,76,93
7296,76,96
20034,106,189
6660,74,90
15008,112,134
7220,76,95
20034,106,189
6660,74,90
15008,112,134
7392,77,96
19928,106,188
20916,126,166
6660,74,90
14652,111,132
7392,77,96
19928,106,188
19642,122,161
6660,74,90
14148,108,131
8099,89,91
7488,78,96
19928,106,188
20500,125,164
6660,74,90
13860,105,132
7469,77,97
19928,106,188
24254,134,181
6424,73,88
13728,104,132
7566,78,97
19928,106,188
21294,126,169
6992,76,92
12125,97,125
7220,76,95
19928,106,188
18762,118,159
7068,76,93
10800,90,120
6975,75,93
20034,106,189
20708,124,167
7144,76,94
11938,94,127
6975,75,93
20034,106,189
23940,133,180
7548,74,102
6900,75,92
12220,94,130
6808,74,92
20223,107,189
22880,130,176
6887,71,97
5934,69,86
12408,94,132
6975,75,93
20223,107,189
19723,121,163
6417,69,93
5494,67,82
12276,93,132
7068,76,93
20223,107,189
17289,113,153
6555,69,95
5494,67,82
12144,92,132
6975,75,93
20223,107,189
15228,108,141
7474,74,101
5880,70,84
11790,90,131
7920,88,90
8316,84,99
7144,76,94
20223,107,189
11685,95,123
6035,71,85
11880,90,132
6020,70,86
7220,76,95
20034,106,189
6958,71,98
6205,73,85
11748,89,132
5950,70,85
7392,77,96
19740,105,188
12573,99,127
6790,70,97
6290,74,85
11223,87,129
5950,70,85
7488,78,96
6693,69,97
6450,75,86
10292,83,124
5950,70,85
7392,77,96
9288,86,108
6693,69,97
10375,83,125
6048,72,84
7050,75,94
10925,95,115
6693,69,97
10965,85,129
6900,75,92
11252,97,116
6693,69,97
7802,83,94
10920,84,130
6808,74,92
11368,98,116
6693,69,97
10836,84,129
6975,75,93
11583,99,117
6693,69,97
8245,85,97
10541,83,127
6900,75,92
13462,106,127
6693,69,97
10836,84,129
8099,89,91
11220,85,132
8874,87,102
6975,75,93
16756,118,142
6930,70,99
9964,94,106
11220,85,132
6975,75,93
16638,118,141
7100,71,100
10379,97,107
11305,85,133
7068,76,93
16779,119,141
7171,71,101
11305,85,133
6975,75,93
17690,122,145
7000,70,100
11172,84,133
7068,76,93
18270,126,145
7592,73,104
11305,85,133
6900,75,92
21114,138,153
7665,73,105
11256,84,134
7238,77,94
22260,140,159
7844,74,106
11039,83,133
7144,76,94
22080,138,160
7918,74,107
11039,83,133
7238,77,94
24140,142,170
7738,73,106
11039,83,133
6570,73,90
25168,143,176
7738,73,106
11122,83,134
8099,89,91
11438,86,133
8600,86,100
7068,76,93
23528,136,173
7992,74,108
12064,104,116
11122,83,134
6975,75,93
20412,126,162
13420,110,122
11122,83,134
7220,76,95
23275,133,175
16080,120,134
11039,83,133
7144,76,94
22750,130,175
16988,124,137
10906,82,133
7392,77,96
17825,115,155
16680,120,139
10906,82,133
7663,79,97
14352,104,138
16380,117,140
10906,82,133
7663,79,97
16472,116,142
10692,81,132
5427,67,81
18422,122,151
10692,81,132
4320,60,72
19592,124,158
10824,82,132
3808,56,68
19680,123,160
10906,82,133
8099,89,91
11438,86,133
8514,86,99
6204,66,94
21336,127,168
10906,82,133
20336,124,164
10320,80,129
19602,121,162
9954,79,126
5940,66,90
19481,121,161
5984,68,88
18055,115,157
16677,109,153
14400,100,144
15504,102,152
16274,103,158
17010,105,162
8099,89,91
11438,86,133
8160,85,96
18020,106,170
8140,74,110
18126,106,171
17955,105,171
13013,77,169
8099,89,91
11305,85,133
8624,88,98
7020,65,108
5544,88,63
15985,115,139
5796,69,84
5133,87,59
7056,84,84
7728,84,92
8188,89,92
11305,85,133
8439,87,97
7047,87,81
6750,75,90
6364,74,86
7830,87,90
11220,85,132
9384,92,102
11562,123,94
11696,86,136
24048,144,167
22356,138,162
22494,138,163
25725,147,175
30687,159,193
7544,82,92
7452,81,92
25597,143,179
7371,81,91
7917,87,91
11438,86,133
9476,92,103
25200,140,180
7371,81,91
25900,140,185
7371,81,91
23140,130,178
7452,81,92
20086,121,166
18792,116,162
17760,111,160
16068,103,156
15554,101,154
15655,101,155
14994,98,153
7917,87,91
11220,85,132
14994,98,153
15776,116,136
14841,97,153
10848,96,113
12584,88,143
8300,83,100
17340,102,170
7332,78,94
19980,108,185
6840,76,90
20520,108,190
12648,102,124
19240,104,185
14338,107,134
17523,99,177
20564,106,194
20370,105,194
7917,87,91
11135,85,131
7040,80,88
18117,99,183
16704,96,174
17919,99,181
7743,89,87
16150,95,170
6624,72,92
6020,70,86
10428,79,132
6643,73,91
7917,87,91
11438,86,133
6375,75,85
6232,76,82
6622,77,86
6525,75,87
6688,76,88
6688,76,88
6525,75,87
6688,76,88
8096,88,92
11135,85,131
6525,75,87
7268,79,92
7520,80,94
7520,80,94
6930,77,90
7176,78,92
7520,80,94
7695,81,95
7520,80,94
8096,88,92
10920,84,130
7520,80,94
7600,80,95
7600,80,95
7920,88,90
7680,80,96
8544,89,96
7680,80,96
8216,79,104
8439,87,97
7680,80,96
9718,86,113
8175,75,109
12342,102,121
7680,80,96
13440,105,128
7680,80,96
13362,102,131
7410,78,95
7777,77,101
13860,105,132
7410,78,95
7600,76,100
8184,88,93
10752,84,128
13566,102,133
7505,79,95
7600,76,100
7416,72,103
13300,100,133
7410,78,95
7008,73,96
7272,72,101
13034,98,133
7410,78,95
7104,74,96
7272,72,101
12901,97,133
7315,77,95
7178,74,97
7238,77,94
7350,75,98
8085,77,105
7161,77,93
7448,76,98
7650,75,102
11160,90,124
7238,77,94
7448,76,98
7227,73,99
11718,93,126
7410,78,95
7030,74,95
12740,98,130
6900,75,92
13362,102,131
6497,73,89
8366,89,94
10965,85,129
13596,103,132
5950,70,85
13860,105,132
6424,73,88
13992,106,132
6916,76,91
20413,149,137
14124,107,132
7161,77,93
27680,173,160
14124,107,132
7084,77,92
31293,183,171
14231,107,133
7084,77,92
7296,76,96
30430,179,170
12827,101,127
7084,77,92
10856,92,118
33115,185,179
13029,101,129
7084,77,92
11780,95,124
36864,192,192
12250,98,125
7426,79,94
11780,95,124
39592,196,202
11186,94,119
7254,78,93
11532,93,124
8277,89,93
